OBJECTID,CommunityName,DataYear,ResidentsAge16AndOver,ResidentsEmployed,WagesLessThan5k,Wages5k_10k,Wages10k_20k,Wages20k_50k,WagesGreaterThan50k,EmployedInPrivateSector,PercentInPrivateSector,EmployedInStateGovt,PercentInStateGovt,EmployedFemales,EmployedMales,EmployedAge45Plus,EmployedAge50Plus,EmployedIn1stQtr,EmployedIn2ndQtr,EmployedIn3rdQtr,EmployedIn4thQtr,EmployedInAllQtrs,NewHires,LocalLaborMarketInfoURL,TotalWages,UnemploymentInsuranceClaimants,x,y
594,Anchorage,2001,181613,118312,19086,11037,18498,47595,22103,99809,0.8399999738,8089,0.0700000003,58195,60116,36886,21959,101678,105374,104820,100040,84803,48658,,3721084534,13758,-149.8948474,61.21627757
624,Anchorage/Mat-Su Economic Region,2001,225775,144873,24588,13847,22766,56770,26909,121869,0.8399999738,9718,0.0700000003,70400,74472,45401,26711,122509,128188,127978,121844,101889,60220,,4474998250,18658,,
595,Anchorage,2002,184129,119746,18572,10963,18303,48483,23434,100353,0.8399999738,8547,0.0700000003,59187,60559,38771,23441,103141,107416,106464,101428,86896,43588,,3860409202,15513,-149.8948474,61.21627757
625,Anchorage/Mat-Su Economic Region,2002,230072,147297,24094,13935,22582,58044,28653,123019,0.8399999738,10283,0.0700000003,71960,75337,48009,28700,125093,131334,130544,123846,104880,54435,,4661995307,21168,,
596,Anchorage,2003,187255,121006,18418,10963,17925,48899,24809,101519,0.8399999738,8435,0.0700000003,59949,61057,40678,25122,104527,108202,107404,102618,87896,42566,,3985450550,16422,-149.8948474,61.21627757
626,Anchorage/Mat-Su Economic Region,2003,235574,149409,23843,13948,22327,58918,30383,124955,0.8399999738,10221,0.0700000003,73149,76260,50526,30900,127105,132830,132213,125862,106410,53862,,4828015767,22557,,
597,Anchorage,2004,188722,121958,17804,10985,17734,48997,26441,102499,0.8399999738,8345,0.0700000003,60698,61260,42133,26664,104657,109316,108596,104122,88639,43446,,4151574482,15376,-149.8948474,61.21627757
627,Anchorage/Mat-Su Economic Region,2004,239619,151779,23125,14097,22448,59519,32596,127152,0.8399999738,10186,0.0700000003,74603,77176,52729,33060,128423,135157,134645,128832,108207,54923,,5065770658,21415,,