OBJECTID,CommunityName,DataYear,ResidentsAge16AndOver,ResidentsEmployed,WagesLessThan5k,Wages5k_10k,Wages10k_20k,Wages20k_50k,WagesGreaterThan50k,EmployedInPrivateSector,PercentInPrivateSector,EmployedInStateGovt,PercentInStateGovt,EmployedFemales,EmployedMales,EmployedAge45Plus,EmployedAge50Plus,EmployedIn1stQtr,EmployedIn2ndQtr,EmployedIn3rdQtr,EmployedIn4thQtr,EmployedInAllQtrs,NewHires,LocalLaborMarketInfoURL,TotalWages,UnemploymentInsuranceClaimants,x,y
1815,Fairbanks,2001,17961,11116,2427,1283,1996,3972,1439,9223,0.8299999833,985,0.09000000358,5609,5507,3182,1956,9037,9702,9589,8827,7153,4986,,272877715,1898,-147.7212482,64.83969225
1816,Fairbanks,2002,18097,11039,2345,1275,1910,4073,1436,9061,0.8199999928,1027,0.09000000358,5613,5426,3327,2062,9051,9641,9541,8793,7156,4726,,276966554,2125,-147.7212482,64.83969225
1817,Fairbanks,2003,18591,11219,2297,1303,1918,4167,1534,9267,0.8299999833,1011,0.09000000358,5677,5542,3452,2157,9079,9719,9599,9027,7238,4772,,288219183,2147,-147.7212482,64.83969225
1818,Fairbanks,2004,18240,11104,2093,1247,1928,4149,1688,9178,0.8299999833,1045,0.09000000358,5603,5501,3466,2218,9076,9759,9622,9039,7341,4922,,295557569,1969,-147.7212482,64.83969225