OBJECTID,CommunityName,DataYear,ResidentsAge16AndOver,ResidentsEmployed,WagesLessThan5k,Wages5k_10k,Wages10k_20k,Wages20k_50k,WagesGreaterThan50k,EmployedInPrivateSector,PercentInPrivateSector,EmployedInStateGovt,PercentInStateGovt,EmployedFemales,EmployedMales,EmployedAge45Plus,EmployedAge50Plus,EmployedIn1stQtr,EmployedIn2ndQtr,EmployedIn3rdQtr,EmployedIn4thQtr,EmployedInAllQtrs,NewHires,LocalLaborMarketInfoURL,TotalWages,UnemploymentInsuranceClaimants,x,y
834,Bethel Census Area,2001,9916,7270,2345,1095,1318,1917,595,4638,0.6399999857,302,0.03999999911,3439,3831,1960,1224,5665,5908,6077,5843,4353,3530,,132767291,1420,-160.1534,60.9289
849,Bethel,2001,3413,2495,433,231,321,1039,471,1765,0.7099999785,271,0.1099999994,1259,1236,696,417,2120,2166,2150,2080,1704,994,,74044239,233,-161.7717709,60.7911992
835,Bethel Census Area,2002,10101,7524,2310,1103,1407,2020,684,4211,0.5600000024,318,0.03999999911,3545,3979,2104,1329,5748,6178,6310,6049,4436,3668,,144637781,1719,-160.1534,60.9289
850,Bethel,2002,3520,2586,408,239,312,1089,538,1810,0.6999999881,272,0.1099999994,1324,1262,778,473,2155,2276,2254,2161,1739,940,,81189452,317,-161.7717709,60.7911992
836,Bethel Census Area,2003,10247,7635,2304,1056,1420,2048,807,4306,0.5600000024,315,0.03999999911,3626,4009,2282,1456,5915,6224,6409,6191,4571,3628,,155189333,1905,-160.1534,60.9289
851,Bethel,2003,3623,2686,411,244,325,1073,633,1928,0.7200000286,275,0.1000000015,1360,1326,858,524,2276,2330,2337,2277,1857,986,,88609454,324,-161.7717709,60.7911992
837,Bethel Census Area,2004,10437,7756,2330,1052,1359,2129,886,4102,0.5299999714,326,0.03999999911,3678,4078,2376,1523,6079,6333,6510,6240,4688,3612,,165019362,1953,-160.1534,60.9289
852,Bethel,2004,3643,2734,447,222,302,1078,685,1928,0.7099999785,273,0.1000000015,1391,1343,883,553,2350,2370,2353,2277,1883,1011,,94314212,318,-161.7717709,60.7911992